PRAGMA foreign_keys=OFF;
BEGIN TRANSACTION;
CREATE TABLE IF NOT EXISTS "countries" ("id" integer PRIMARY KEY AUTOINCREMENT NOT NULL, "name" varchar NOT NULL, "created_at" datetime(6) NOT NULL, "updated_at" datetime(6) NOT NULL);
INSERT INTO countries VALUES(1,'韓国','2024-05-20 00:58:21.710287','2024-05-20 00:58:21.710287');
INSERT INTO countries VALUES(2,'中国','2024-05-20 00:58:21.728294','2024-05-20 00:58:21.728294');
INSERT INTO countries VALUES(3,'モンゴル','2024-05-20 00:58:21.741606','2024-05-20 00:58:21.741606');
INSERT INTO countries VALUES(4,'インドネシア','2024-05-20 00:58:21.774803','2024-05-20 00:58:21.774803');
INSERT INTO countries VALUES(5,'ブルネイ','2024-05-20 00:58:21.788087','2024-05-20 00:58:21.788087');
INSERT INTO countries VALUES(6,'カンボジア','2024-05-20 00:58:21.822227','2024-05-20 00:58:21.822227');
INSERT INTO countries VALUES(7,'ベトナム','2024-05-20 00:58:21.834334','2024-05-20 00:58:21.834334');
INSERT INTO countries VALUES(8,'シンガポール','2024-05-20 00:58:21.850001','2024-05-20 00:58:21.850001');
INSERT INTO countries VALUES(9,'マレーシア','2024-05-20 00:58:21.867712','2024-05-20 00:58:21.867712');
INSERT INTO countries VALUES(10,'タイ','2024-05-20 00:58:21.880335','2024-05-20 00:58:21.880335');
INSERT INTO countries VALUES(11,'ミャンマー','2024-05-20 00:58:21.889753','2024-05-20 00:58:21.889753');
INSERT INTO countries VALUES(12,'東ティモール','2024-05-20 00:58:21.909559','2024-05-20 00:58:21.909559');
INSERT INTO countries VALUES(13,'ラオス','2024-05-20 00:58:21.924312','2024-05-20 00:58:21.924312');
INSERT INTO countries VALUES(14,'フィリピン','2024-05-20 00:58:21.936026','2024-05-20 00:58:21.936026');
INSERT INTO countries VALUES(15,'インド','2024-05-20 00:58:21.951237','2024-05-20 00:58:21.951237');
INSERT INTO countries VALUES(16,'スリランカ','2024-05-20 00:58:21.971985','2024-05-20 00:58:21.971985');
INSERT INTO countries VALUES(17,'ネパール','2024-05-20 00:58:21.988887','2024-05-20 00:58:21.988887');
INSERT INTO countries VALUES(18,'パキスタン','2024-05-20 00:58:22.007615','2024-05-20 00:58:22.007615');
INSERT INTO countries VALUES(19,'バングラデシュ','2024-05-20 00:58:22.022818','2024-05-20 00:58:22.022818');
INSERT INTO countries VALUES(20,'ブータン','2024-05-20 00:58:22.040701','2024-05-20 00:58:22.040701');
INSERT INTO countries VALUES(21,'モルディブ','2024-05-20 00:58:22.063674','2024-05-20 00:58:22.063674');
INSERT INTO countries VALUES(22,'アフガニスタン','2024-05-20 00:58:22.077452','2024-05-20 00:58:22.077452');
INSERT INTO countries VALUES(23,'サウジアラビア','2024-05-20 00:58:22.090705','2024-05-20 00:58:22.090705');
INSERT INTO countries VALUES(24,'アラブ首長国連邦','2024-05-20 00:58:22.109962','2024-05-20 00:58:22.109962');
INSERT INTO countries VALUES(25,'シリア','2024-05-20 00:58:22.124039','2024-05-20 00:58:22.124039');
INSERT INTO countries VALUES(26,'イエメン','2024-05-20 00:58:22.136083','2024-05-20 00:58:22.136083');
INSERT INTO countries VALUES(27,'トルコ','2024-05-20 00:58:22.153541','2024-05-20 00:58:22.153541');
INSERT INTO countries VALUES(28,'イスラエル','2024-05-20 00:58:22.169327','2024-05-20 00:58:22.169327');
INSERT INTO countries VALUES(29,'バーレーン','2024-05-20 00:58:22.182570','2024-05-20 00:58:22.182570');
INSERT INTO countries VALUES(30,'イラク','2024-05-20 00:58:22.201054','2024-05-20 00:58:22.201054');
INSERT INTO countries VALUES(31,'ヨルダン','2024-05-20 00:58:22.220073','2024-05-20 00:58:22.220073');
INSERT INTO countries VALUES(32,'イラン','2024-05-20 00:58:22.233506','2024-05-20 00:58:22.233506');
INSERT INTO countries VALUES(33,'レバノン','2024-05-20 00:58:22.255558','2024-05-20 00:58:22.255558');
INSERT INTO countries VALUES(34,'オマーン','2024-05-20 00:58:22.272945','2024-05-20 00:58:22.272945');
INSERT INTO countries VALUES(35,'カタール','2024-05-20 00:58:22.287178','2024-05-20 00:58:22.287178');
INSERT INTO countries VALUES(36,'クウェート','2024-05-20 00:58:22.304573','2024-05-20 00:58:22.304573');
INSERT INTO countries VALUES(37,'アイスランド','2024-05-20 00:58:22.320693','2024-05-20 00:58:22.320693');
INSERT INTO countries VALUES(38,'スウェーデン','2024-05-20 00:58:22.336255','2024-05-20 00:58:22.336255');
INSERT INTO countries VALUES(39,'ブルガリア','2024-05-20 00:58:22.351939','2024-05-20 00:58:22.351939');
INSERT INTO countries VALUES(40,'アイルランド','2024-05-20 00:58:22.392288','2024-05-20 00:58:22.392288');
INSERT INTO countries VALUES(41,'スペイン','2024-05-20 00:58:22.417306','2024-05-20 00:58:22.417306');
INSERT INTO countries VALUES(42,'ベルギー','2024-05-20 00:58:22.436108','2024-05-20 00:58:22.436108');
INSERT INTO countries VALUES(43,'アルバニア','2024-05-20 00:58:22.460245','2024-05-20 00:58:22.460245');
INSERT INTO countries VALUES(44,'スロバキア','2024-05-20 00:58:22.482838','2024-05-20 00:58:22.482838');
INSERT INTO countries VALUES(45,'ポーランド','2024-05-20 00:58:22.512679','2024-05-20 00:58:22.512679');
INSERT INTO countries VALUES(46,'アンドラ','2024-05-20 00:58:22.529899','2024-05-20 00:58:22.529899');
INSERT INTO countries VALUES(47,'スロベニア','2024-05-20 00:58:22.545264','2024-05-20 00:58:22.545264');
INSERT INTO countries VALUES(48,'ボスニア・ヘルツェゴビナ','2024-05-20 00:58:22.567014','2024-05-20 00:58:22.567014');
INSERT INTO countries VALUES(49,'イタリア','2024-05-20 00:58:22.581890','2024-05-20 00:58:22.581890');
INSERT INTO countries VALUES(50,'セルビア','2024-05-20 00:58:22.597894','2024-05-20 00:58:22.597894');
INSERT INTO countries VALUES(51,'ポルトガル','2024-05-20 00:58:22.734245','2024-05-20 00:58:22.734245');
INSERT INTO countries VALUES(52,'イギリス(北アイルランドを含む)','2024-05-20 00:58:22.865130','2024-05-20 00:58:22.865130');
INSERT INTO countries VALUES(53,'チェコ','2024-05-20 00:58:23.010096','2024-05-20 00:58:23.010096');
INSERT INTO countries VALUES(54,'マケドニア','2024-05-20 00:58:23.026618','2024-05-20 00:58:23.026618');
INSERT INTO countries VALUES(55,'オーストリア','2024-05-20 00:58:23.055664','2024-05-20 00:58:23.055664');
INSERT INTO countries VALUES(56,'デンマーク','2024-05-20 00:58:23.073385','2024-05-20 00:58:23.073385');
INSERT INTO countries VALUES(57,'マルタ','2024-05-20 00:58:23.084168','2024-05-20 00:58:23.084168');
INSERT INTO countries VALUES(58,'オランダ','2024-05-20 00:58:23.098312','2024-05-20 00:58:23.098312');
INSERT INTO countries VALUES(59,'ドイツ','2024-05-20 00:58:23.121020','2024-05-20 00:58:23.121020');
INSERT INTO countries VALUES(60,'モナコ','2024-05-20 00:58:23.134110','2024-05-20 00:58:23.134110');
INSERT INTO countries VALUES(61,'キプロス','2024-05-20 00:58:23.148407','2024-05-20 00:58:23.148407');
INSERT INTO countries VALUES(62,'ノルウェー','2024-05-20 00:58:23.174396','2024-05-20 00:58:23.174396');
INSERT INTO countries VALUES(63,'モンテネグロ','2024-05-20 00:58:23.193657','2024-05-20 00:58:23.193657');
INSERT INTO countries VALUES(64,'ギリシャ','2024-05-20 00:58:23.220269','2024-05-20 00:58:23.220269');
INSERT INTO countries VALUES(65,'バチカン','2024-05-20 00:58:23.240544','2024-05-20 00:58:23.240544');
INSERT INTO countries VALUES(66,'リヒテンシュタイン','2024-05-20 00:58:23.263536','2024-05-20 00:58:23.263536');
INSERT INTO countries VALUES(67,'クロアチア','2024-05-20 00:58:23.286404','2024-05-20 00:58:23.286404');
INSERT INTO countries VALUES(68,'ハンガリー','2024-05-20 00:58:23.305344','2024-05-20 00:58:23.305344');
INSERT INTO countries VALUES(69,'ルーマニア','2024-05-20 00:58:23.321968','2024-05-20 00:58:23.321968');
INSERT INTO countries VALUES(70,'サンマリノ','2024-05-20 00:58:23.338928','2024-05-20 00:58:23.338928');
INSERT INTO countries VALUES(71,'フィンランド','2024-05-20 00:58:23.367336','2024-05-20 00:58:23.367336');
INSERT INTO countries VALUES(72,'ルクセンブルグ','2024-05-20 00:58:23.406912','2024-05-20 00:58:23.406912');
INSERT INTO countries VALUES(73,'スイス','2024-05-20 00:58:23.439763','2024-05-20 00:58:23.439763');
INSERT INTO countries VALUES(74,'フランス','2024-05-20 00:58:23.462128','2024-05-20 00:58:23.462128');
INSERT INTO countries VALUES(75,'エストニア','2024-05-20 00:58:23.495750','2024-05-20 00:58:23.495750');
INSERT INTO countries VALUES(76,'ラトビア','2024-05-20 00:58:23.520973','2024-05-20 00:58:23.520973');
INSERT INTO countries VALUES(77,'リトアニア','2024-05-20 00:58:23.559164','2024-05-20 00:58:23.559164');
INSERT INTO countries VALUES(78,'アルジェリア','2024-05-20 00:58:23.584469','2024-05-20 00:58:23.584469');
INSERT INTO countries VALUES(79,'モロッコ','2024-05-20 00:58:23.610509','2024-05-20 00:58:23.610509');
INSERT INTO countries VALUES(80,'エジプト','2024-05-20 00:58:23.634783','2024-05-20 00:58:23.634783');
INSERT INTO countries VALUES(81,'リビア','2024-05-20 00:58:23.720436','2024-05-20 00:58:23.720436');
INSERT INTO countries VALUES(82,'チュニジア','2024-05-20 00:58:23.770054','2024-05-20 00:58:23.770054');
INSERT INTO countries VALUES(83,'アンゴラ','2024-05-20 00:58:23.786035','2024-05-20 00:58:23.786035');
INSERT INTO countries VALUES(84,'サントメ・プリンシペ','2024-05-20 00:58:23.817492','2024-05-20 00:58:23.817492');
INSERT INTO countries VALUES(85,'ナミビア','2024-05-20 00:58:23.832843','2024-05-20 00:58:23.832843');
INSERT INTO countries VALUES(86,'ウガンダ','2024-05-20 00:58:23.851200','2024-05-20 00:58:23.851200');
INSERT INTO countries VALUES(87,'ザンビア','2024-05-20 00:58:23.874927','2024-05-20 00:58:23.874927');
INSERT INTO countries VALUES(88,'ニジェール','2024-05-20 00:58:23.896414','2024-05-20 00:58:23.896414');
INSERT INTO countries VALUES(89,'エチオピア','2024-05-20 00:58:23.916948','2024-05-20 00:58:23.916948');
INSERT INTO countries VALUES(90,'シエラレオネ','2024-05-20 00:58:23.932125','2024-05-20 00:58:23.932125');
INSERT INTO countries VALUES(91,'ブルキナファソ','2024-05-20 00:58:23.961638','2024-05-20 00:58:23.961638');
INSERT INTO countries VALUES(92,'エリトリア','2024-05-20 00:58:23.986296','2024-05-20 00:58:23.986296');
INSERT INTO countries VALUES(93,'ジブチ','2024-05-20 00:58:24.013823','2024-05-20 00:58:24.013823');
INSERT INTO countries VALUES(94,'ブルンジ','2024-05-20 00:58:24.031717','2024-05-20 00:58:24.031717');
INSERT INTO countries VALUES(95,'ガーナ','2024-05-20 00:58:24.054080','2024-05-20 00:58:24.054080');
INSERT INTO countries VALUES(96,'ジンバブエ','2024-05-20 00:58:24.074579','2024-05-20 00:58:24.074579');
INSERT INTO countries VALUES(97,'ベナン','2024-05-20 00:58:24.095168','2024-05-20 00:58:24.095168');
INSERT INTO countries VALUES(98,'カーボヴェルデ','2024-05-20 00:58:24.116198','2024-05-20 00:58:24.116198');
INSERT INTO countries VALUES(99,'スーダン','2024-05-20 00:58:24.136447','2024-05-20 00:58:24.136447');
INSERT INTO countries VALUES(100,'ボツワナ','2024-05-20 00:58:24.157651','2024-05-20 00:58:24.157651');
INSERT INTO countries VALUES(101,'ガボン','2024-05-20 00:58:24.183407','2024-05-20 00:58:24.183407');
INSERT INTO countries VALUES(102,'エスワティニ','2024-05-20 00:58:24.221944','2024-05-20 00:58:24.221944');
INSERT INTO countries VALUES(103,'マダガスカル','2024-05-20 00:58:24.234701','2024-05-20 00:58:24.234701');
INSERT INTO countries VALUES(104,'カメルーン','2024-05-20 00:58:24.271205','2024-05-20 00:58:24.271205');
INSERT INTO countries VALUES(105,'セーシェル','2024-05-20 00:58:24.287479','2024-05-20 00:58:24.287479');
INSERT INTO countries VALUES(106,'マラウイ','2024-05-20 00:58:24.305321','2024-05-20 00:58:24.305321');
INSERT INTO countries VALUES(107,'ガンビア','2024-05-20 00:58:24.321827','2024-05-20 00:58:24.321827');
INSERT INTO countries VALUES(108,'赤道ギニア','2024-05-20 00:58:24.333831','2024-05-20 00:58:24.333831');
INSERT INTO countries VALUES(109,'マリ','2024-05-20 00:58:24.353791','2024-05-20 00:58:24.353791');
INSERT INTO countries VALUES(110,'ギニア','2024-05-20 00:58:24.377900','2024-05-20 00:58:24.377900');
INSERT INTO countries VALUES(111,'セネガル','2024-05-20 00:58:24.399224','2024-05-20 00:58:24.399224');
INSERT INTO countries VALUES(112,'南アフリカ','2024-05-20 00:58:24.416774','2024-05-20 00:58:24.416774');
INSERT INTO countries VALUES(113,'ギニアビサウ','2024-05-20 00:58:24.427237','2024-05-20 00:58:24.427237');
INSERT INTO countries VALUES(114,'ソマリア','2024-05-20 00:58:24.442879','2024-05-20 00:58:24.442879');
INSERT INTO countries VALUES(115,'モザンビーク','2024-05-20 00:58:24.466403','2024-05-20 00:58:24.466403');
INSERT INTO countries VALUES(116,'ケニア','2024-05-20 00:58:24.480702','2024-05-20 00:58:24.480702');
INSERT INTO countries VALUES(117,'タンザニア','2024-05-20 00:58:24.498416','2024-05-20 00:58:24.498416');
INSERT INTO countries VALUES(118,'モーリシャス','2024-05-20 00:58:24.516379','2024-05-20 00:58:24.516379');
INSERT INTO countries VALUES(119,'コートジボワール','2024-05-20 00:58:24.533113','2024-05-20 00:58:24.533113');
INSERT INTO countries VALUES(120,'チャド','2024-05-20 00:58:24.556874','2024-05-20 00:58:24.556874');
INSERT INTO countries VALUES(121,'モーリタニア','2024-05-20 00:58:24.571828','2024-05-20 00:58:24.571828');
INSERT INTO countries VALUES(122,'コモロ','2024-05-20 00:58:24.584096','2024-05-20 00:58:24.584096');
INSERT INTO countries VALUES(123,'中央アフリカ共和国','2024-05-20 00:58:24.600446','2024-05-20 00:58:24.600446');
INSERT INTO countries VALUES(124,'リベリア','2024-05-20 00:58:24.617305','2024-05-20 00:58:24.617305');
INSERT INTO countries VALUES(125,'コンゴ共和国','2024-05-20 00:58:24.630019','2024-05-20 00:58:24.630019');
INSERT INTO countries VALUES(126,'トーゴ','2024-05-20 00:58:24.644593','2024-05-20 00:58:24.644593');
INSERT INTO countries VALUES(127,'ルワンダ','2024-05-20 00:58:24.665111','2024-05-20 00:58:24.665111');
INSERT INTO countries VALUES(128,'コンゴ民主共和国','2024-05-20 00:58:24.682209','2024-05-20 00:58:24.682209');
INSERT INTO countries VALUES(129,'ナイジェリア','2024-05-20 00:58:24.699513','2024-05-20 00:58:24.699513');
INSERT INTO countries VALUES(130,'レソト','2024-05-20 00:58:24.723096','2024-05-20 00:58:24.723096');
INSERT INTO countries VALUES(131,'アゼルバイジャン','2024-05-20 00:58:24.740482','2024-05-20 00:58:24.740482');
INSERT INTO countries VALUES(132,'アルメニア','2024-05-20 00:58:24.762320','2024-05-20 00:58:24.762320');
INSERT INTO countries VALUES(133,'ウクライナ','2024-05-20 00:58:24.778264','2024-05-20 00:58:24.778264');
INSERT INTO countries VALUES(134,'ウズベキスタン','2024-05-20 00:58:24.797217','2024-05-20 00:58:24.797217');
INSERT INTO countries VALUES(135,'カザフスタン','2024-05-20 00:58:24.814360','2024-05-20 00:58:24.814360');
INSERT INTO countries VALUES(136,'キルギス','2024-05-20 00:58:24.833303','2024-05-20 00:58:24.833303');
INSERT INTO countries VALUES(137,'ジョージア(グルジア)','2024-05-20 00:58:24.854546','2024-05-20 00:58:24.854546');
INSERT INTO countries VALUES(138,'タジキスタン','2024-05-20 00:58:24.870536','2024-05-20 00:58:24.870536');
INSERT INTO countries VALUES(139,'トルクメニスタン','2024-05-20 00:58:24.882763','2024-05-20 00:58:24.882763');
INSERT INTO countries VALUES(140,'ベラルーシ','2024-05-20 00:58:24.896512','2024-05-20 00:58:24.896512');
INSERT INTO countries VALUES(141,'モルドバ','2024-05-20 00:58:24.916257','2024-05-20 00:58:24.916257');
INSERT INTO countries VALUES(142,'ロシア','2024-05-20 00:58:24.927805','2024-05-20 00:58:24.927805');
INSERT INTO countries VALUES(143,'オーストラリア','2024-05-20 00:58:24.938003','2024-05-20 00:58:24.938003');
INSERT INTO countries VALUES(144,'キリバス','2024-05-20 00:58:24.956620','2024-05-20 00:58:24.956620');
INSERT INTO countries VALUES(145,'サモア','2024-05-20 00:58:24.973063','2024-05-20 00:58:24.973063');
INSERT INTO countries VALUES(146,'ソロモン諸島','2024-05-20 00:58:24.988113','2024-05-20 00:58:24.988113');
INSERT INTO countries VALUES(147,'ツバル','2024-05-20 00:58:25.005614','2024-05-20 00:58:25.005614');
INSERT INTO countries VALUES(148,'トンガ','2024-05-20 00:58:25.022277','2024-05-20 00:58:25.022277');
INSERT INTO countries VALUES(149,'ナウル','2024-05-20 00:58:25.037246','2024-05-20 00:58:25.037246');
INSERT INTO countries VALUES(150,'ニュージーランド','2024-05-20 00:58:25.060347','2024-05-20 00:58:25.060347');
INSERT INTO countries VALUES(151,'バヌアツ','2024-05-20 00:58:25.074767','2024-05-20 00:58:25.074767');
INSERT INTO countries VALUES(152,'パプアニューギニア','2024-05-20 00:58:25.088803','2024-05-20 00:58:25.088803');
INSERT INTO countries VALUES(153,'パラオ','2024-05-20 00:58:25.108286','2024-05-20 00:58:25.108286');
INSERT INTO countries VALUES(154,'フィジー','2024-05-20 00:58:25.124869','2024-05-20 00:58:25.124869');
INSERT INTO countries VALUES(155,'マーシャル諸島','2024-05-20 00:58:25.138175','2024-05-20 00:58:25.138175');
INSERT INTO countries VALUES(156,'ミクロネシア','2024-05-20 00:58:25.155253','2024-05-20 00:58:25.155253');
INSERT INTO countries VALUES(157,'アメリカ','2024-05-20 00:58:25.172386','2024-05-20 00:58:25.172386');
INSERT INTO countries VALUES(158,'カナダ','2024-05-20 00:58:25.187719','2024-05-20 00:58:25.187719');
INSERT INTO countries VALUES(159,'アルゼンチン','2024-05-20 00:58:25.207331','2024-05-20 00:58:25.207331');
INSERT INTO countries VALUES(160,'ドミニカ国','2024-05-20 00:58:25.225004','2024-05-20 00:58:25.225004');
INSERT INTO countries VALUES(161,'アンティグア・バーブーダ','2024-05-20 00:58:25.237102','2024-05-20 00:58:25.237102');
INSERT INTO countries VALUES(162,'ドミニカ共和国','2024-05-20 00:58:25.256120','2024-05-20 00:58:25.256120');
INSERT INTO countries VALUES(163,'ウルグアイ','2024-05-20 00:58:25.271598','2024-05-20 00:58:25.271598');
INSERT INTO countries VALUES(164,'トリニダード・トバゴ','2024-05-20 00:58:25.283546','2024-05-20 00:58:25.283546');
INSERT INTO countries VALUES(165,'エクアドル','2024-05-20 00:58:25.309095','2024-05-20 00:58:25.309095');
INSERT INTO countries VALUES(166,'ニカラグア','2024-05-20 00:58:25.330758','2024-05-20 00:58:25.330758');
INSERT INTO countries VALUES(167,'エルサルバドル','2024-05-20 00:58:25.345769','2024-05-20 00:58:25.345769');
INSERT INTO countries VALUES(168,'ハイチ','2024-05-20 00:58:25.374253','2024-05-20 00:58:25.374253');
INSERT INTO countries VALUES(169,'ガイアナ','2024-05-20 00:58:25.404157','2024-05-20 00:58:25.404157');
INSERT INTO countries VALUES(170,'パナマ','2024-05-20 00:58:25.421590','2024-05-20 00:58:25.421590');
INSERT INTO countries VALUES(171,'キューバ','2024-05-20 00:58:25.436973','2024-05-20 00:58:25.436973');
INSERT INTO countries VALUES(172,'バハマ','2024-05-20 00:58:25.471004','2024-05-20 00:58:25.471004');
INSERT INTO countries VALUES(173,'グアテマラ','2024-05-20 00:58:25.484635','2024-05-20 00:58:25.484635');
INSERT INTO countries VALUES(174,'パラグアイ','2024-05-20 00:58:25.514517','2024-05-20 00:58:25.514517');
INSERT INTO countries VALUES(175,'グレナダ','2024-05-20 00:58:25.529300','2024-05-20 00:58:25.529300');
INSERT INTO countries VALUES(176,'バルバドス','2024-05-20 00:58:25.545121','2024-05-20 00:58:25.545121');
INSERT INTO countries VALUES(177,'コスタリカ','2024-05-20 00:58:25.563303','2024-05-20 00:58:25.563303');
INSERT INTO countries VALUES(178,'ブラジル','2024-05-20 00:58:25.576920','2024-05-20 00:58:25.576920');
INSERT INTO countries VALUES(179,'コロンビア','2024-05-20 00:58:25.589542','2024-05-20 00:58:25.589542');
INSERT INTO countries VALUES(180,'ベネズエラ','2024-05-20 00:58:25.609709','2024-05-20 00:58:25.609709');
INSERT INTO countries VALUES(181,'ジャマイカ','2024-05-20 00:58:25.622649','2024-05-20 00:58:25.622649');
INSERT INTO countries VALUES(182,'ベリーズ','2024-05-20 00:58:25.634139','2024-05-20 00:58:25.634139');
INSERT INTO countries VALUES(183,'スリナム','2024-05-20 00:58:25.646316','2024-05-20 00:58:25.646316');
INSERT INTO countries VALUES(184,'ペルー','2024-05-20 00:58:25.663629','2024-05-20 00:58:25.663629');
INSERT INTO countries VALUES(185,'セントビンセントおよびグレナディーン諸島','2024-05-20 00:58:25.677194','2024-05-20 00:58:25.677194');
INSERT INTO countries VALUES(186,'ボリビア','2024-05-20 00:58:25.696127','2024-05-20 00:58:25.696127');
INSERT INTO countries VALUES(187,'セントクリストファー・ネーヴィス','2024-05-20 00:58:25.717371','2024-05-20 00:58:25.717371');
INSERT INTO countries VALUES(188,'ホンジュラス','2024-05-20 00:58:25.730763','2024-05-20 00:58:25.730763');
INSERT INTO countries VALUES(189,'セントルシア','2024-05-20 00:58:25.750476','2024-05-20 00:58:25.750476');
INSERT INTO countries VALUES(190,'メキシコ','2024-05-20 00:58:25.773435','2024-05-20 00:58:25.773435');
INSERT INTO countries VALUES(191,'チリ','2024-05-20 00:58:25.789433','2024-05-20 00:58:25.789433');
INSERT INTO countries VALUES(192,'南スーダン','2024-05-20 00:58:25.810011','2024-05-20 00:58:25.810011');
CREATE TABLE IF NOT EXISTS "reports" ("id" integer PRIMARY KEY AUTOINCREMENT NOT NULL, "title" varchar NOT NULL, "image" varchar, "recommend" varchar, "memo" varchar NOT NULL, "user_id" integer NOT NULL, "restaurant_id" integer NOT NULL, "created_at" datetime(6) NOT NULL, "updated_at" datetime(6) NOT NULL);
INSERT INTO reports VALUES(1,'イギリスの朝食','WORLD-BREAKFAST-ALLDAY-food.JPG','English breakfast','イギリスの定番朝ごはん「フルブレックファスト」をいただきました。おいしかったです！',1,1,'2024-05-20 00:58:55.407533','2024-05-20 00:58:55.407533');
INSERT INTO reports VALUES(2,'ボリューミーで◎','kangansurure-food.jpeg',NULL,'韓国料理が気軽に楽しめます。',1,2,'2024-05-20 00:58:59.572473','2024-05-20 00:58:59.572473');
INSERT INTO reports VALUES(3,'見た目も楽しい料理','spainmura-food.jpeg','パエリア','素敵なパエリアをいただきました。魚介の旨みが詰まっています！',1,3,'2024-05-20 00:59:03.750728','2024-05-20 00:59:03.750728');
INSERT INTO reports VALUES(4,'コースに満足です','spainmura-food2.JPG',NULL,'どのお料理も満足でした',1,3,'2024-05-20 00:59:07.861718','2024-05-20 00:59:07.861718');
INSERT INTO reports VALUES(5,'ゆっくり楽しめました','spainmura-food3.jpg',NULL,'お店の雰囲気もよく、お酒と料理を楽しめます',1,3,'2024-05-20 00:59:11.833536','2024-05-20 00:59:11.833536');
INSERT INTO reports VALUES(6,'初ペルー料理','aldo-food2.JPG',NULL,'初めてペルー料理をいただきましたが、思ったよりクセがなく美味しいものばかりです！',1,4,'2024-05-20 00:59:16.630458','2024-05-20 00:59:16.630458');
INSERT INTO reports VALUES(7,'香りがいい！','kainan-food.JPG','シンガポールチキンライス','特にソース、ライスの香りがとてもよかったです。',1,5,'2024-05-20 00:59:22.572685','2024-05-20 00:59:22.572685');
CREATE TABLE IF NOT EXISTS "users" ("id" integer PRIMARY KEY AUTOINCREMENT NOT NULL, "email" varchar DEFAULT '' NOT NULL, "encrypted_password" varchar DEFAULT '' NOT NULL, "reset_password_token" varchar, "reset_password_sent_at" datetime, "remember_created_at" datetime, "created_at" datetime(6) NOT NULL, "updated_at" datetime(6) NOT NULL, "provider" varchar, "uid" varchar, "username" varchar NOT NULL, "profile_image" varchar);
INSERT INTO users VALUES(1,'tokumei@example.com','$2a$12$u2QdniFEXpy.hgE42hzbr.z5hcOBmn1gG9MY8K84XNeELEN.LzeqS',NULL,NULL,NULL,'2024-05-20 00:58:27.389315','2024-05-20 00:58:27.389315',NULL,NULL,'匿名',NULL);
CREATE TABLE IF NOT EXISTS "likes" ("id" integer NOT NULL PRIMARY KEY, "restaurant_id" integer NOT NULL, "user_id" integer NOT NULL, "created_at" datetime(6) NOT NULL, "updated_at" datetime(6) NOT NULL, CONSTRAINT "fk_rails_95783ab6c9"
FOREIGN KEY ("restaurant_id")
  REFERENCES "restaurants" ("id")
, CONSTRAINT "fk_rails_1e09b5dabf"
FOREIGN KEY ("user_id")
  REFERENCES "users" ("id")
);
CREATE TABLE IF NOT EXISTS "restaurants" ("id" integer NOT NULL PRIMARY KEY, "name" varchar NOT NULL, "postal_code" integer NOT NULL, "address" varchar NOT NULL, "image" varchar DEFAULT NULL, "latitude" float DEFAULT NULL, "longitude" float DEFAULT NULL, "memo" text DEFAULT NULL, "created_at" datetime(6) NOT NULL, "updated_at" datetime(6) NOT NULL, "user_id" integer DEFAULT NULL, "country_id" integer DEFAULT NULL, CONSTRAINT "fk_rails_ea7b7d7a30"
FOREIGN KEY ("country_id")
  REFERENCES "countries" ("id")
);
INSERT INTO restaurants VALUES(1,'WORLD BREAKFAST ALLDAY',1500001,'東京都渋谷区神宮前3-1-23','WORLD-BREAKFAST-ALLDAY.JPG',35.67026039999999653,139.7137979000000029,'美味しい世界の朝ごはんが食べられます。','2024-05-20 00:58:31.336431','2024-05-20 00:58:31.336431',1,52);
INSERT INTO restaurants VALUES(2,'カンガンスルレ',1070052,'東京都港区赤坂3-15-12','kangansurure.jpeg',35.67446129999999726,139.7366823000000124,'韓国料理が美味しいです。','2024-05-20 00:58:36.625598','2024-05-20 00:58:36.625598',1,1);
INSERT INTO restaurants VALUES(3,'志摩スペイン村 ヒラソル',5170292,'三重県志摩市磯部町坂崎','spainmura.JPG',34.35560340000000678,136.8398160000000133,'内装もおしゃれで、コース料理も楽しめます。','2024-05-20 00:58:41.844660','2024-05-20 00:58:41.844660',1,41);
INSERT INTO restaurants VALUES(4,'ALDO 麻布台ヒルズ店',1060041,'東京都港区麻布台1-6-19','aldo-food1.jpeg',35.66002519999999976,139.7410988000000031,'日本で南米の味が楽しめます。','2024-05-20 00:58:46.358415','2024-05-20 00:58:46.358415',1,184);
INSERT INTO restaurants VALUES(5,'シンガポール海南鶏飯 水道橋本店',1010061,'東京都千代田区神田三崎町2-1-1','kainan.jpeg',35.69984809999999697,139.7558070999999984,'伝統的なシンガポール料理を楽しめます。','2024-05-20 00:58:50.778328','2024-05-20 00:58:50.778328',1,8);
CREATE TABLE IF NOT EXISTS "schema_migrations" ("version" varchar NOT NULL PRIMARY KEY);
INSERT INTO schema_migrations VALUES('20240501124640');
INSERT INTO schema_migrations VALUES('20240409102950');
INSERT INTO schema_migrations VALUES('20240409103021');
INSERT INTO schema_migrations VALUES('20240411105647');
INSERT INTO schema_migrations VALUES('20240411151828');
INSERT INTO schema_migrations VALUES('20240414035215');
INSERT INTO schema_migrations VALUES('20240415103024');
INSERT INTO schema_migrations VALUES('20240420083239');
INSERT INTO schema_migrations VALUES('20240423021101');
INSERT INTO schema_migrations VALUES('20240430023515');
CREATE TABLE IF NOT EXISTS "ar_internal_metadata" ("key" varchar NOT NULL PRIMARY KEY, "value" varchar, "created_at" datetime(6) NOT NULL, "updated_at" datetime(6) NOT NULL);
INSERT INTO ar_internal_metadata VALUES('environment','development','2024-05-20 00:58:20.969509','2024-05-20 00:58:20.969509');
INSERT INTO ar_internal_metadata VALUES('schema_sha1','8868e9f8943a50d71d46181722615babeb054490','2024-05-20 00:58:20.999263','2024-05-20 00:58:20.999263');
DELETE FROM sqlite_sequence;
INSERT INTO sqlite_sequence VALUES('countries',192);
INSERT INTO sqlite_sequence VALUES('users',1);
INSERT INTO sqlite_sequence VALUES('reports',7);
CREATE UNIQUE INDEX "index_users_on_email" ON "users" ("email");
CREATE UNIQUE INDEX "index_users_on_reset_password_token" ON "users" ("reset_password_token");
CREATE INDEX "index_likes_on_restaurant_id" ON "likes" ("restaurant_id");
CREATE INDEX "index_likes_on_user_id" ON "likes" ("user_id");
CREATE INDEX "index_restaurants_on_country_id" ON "restaurants" ("country_id");
COMMIT;
